<?xml version="1.0" encoding="UTF-8"?>
<export version="E">
  <design>
    <source>/Users/samdubois/Desktop/sdp/chip-hardware/chip-hardware.kicad_sch</source>
    <date>Friday, March 18, 2022 at 12:59:13 AM</date>
    <tool>Eeschema (6.0.2-0)</tool>
    <sheet number="1" name="/" tstamps="/">
      <title_block>
        <title>"Add-On" Sensor / Communication Board</title>
        <company/>
        <rev>v02</rev>
        <date>2022-03-13</date>
        <source>chip-hardware.kicad_sch</source>
        <comment number="1" value="2021-2022"/>
        <comment number="2" value="Senior Design Project"/>
        <comment number="3" value="UMass Electrical and Computer Engineering"/>
        <comment number="4" value="Author: Sam DuBois and Andres Gutierrez"/>
        <comment number="5" value=""/>
        <comment number="6" value=""/>
        <comment number="7" value=""/>
        <comment number="8" value=""/>
        <comment number="9" value=""/>
      </title_block>
    </sheet>
  </design>
  <components>
    <comp ref="C1">
      <value>10uF</value>
      <footprint>Capacitor_SMD:C_0603_1608Metric_Pad1.08x0.95mm_HandSolder</footprint>
      <libsource lib="Device" part="C" description="Unpolarized capacitor"/>
      <property name="Sheetname" value=""/>
      <property name="Sheetfile" value="chip-hardware.kicad_sch"/>
      <sheetpath names="/" tstamps="/"/>
      <tstamps>2aabdce3-989b-4fb0-b6be-0f4503b5a90f</tstamps>
    </comp>
    <comp ref="C2">
      <value>1uF</value>
      <footprint>Capacitor_SMD:C_0603_1608Metric_Pad1.08x0.95mm_HandSolder</footprint>
      <libsource lib="Device" part="C" description="Unpolarized capacitor"/>
      <property name="Sheetname" value=""/>
      <property name="Sheetfile" value="chip-hardware.kicad_sch"/>
      <sheetpath names="/" tstamps="/"/>
      <tstamps>e77b9723-376d-4560-be0d-26563be50d83</tstamps>
    </comp>
    <comp ref="J1">
      <value>Barrel_Jack</value>
      <footprint>Connector_BarrelJack:BarrelJack_SwitchcraftConxall_RAPC10U_Horizontal</footprint>
      <libsource lib="Connector" part="Barrel_Jack" description="DC Barrel Jack"/>
      <property name="Sheetname" value=""/>
      <property name="Sheetfile" value="chip-hardware.kicad_sch"/>
      <sheetpath names="/" tstamps="/"/>
      <tstamps>93f9a4ec-6178-4177-96ea-b1e29968ed97</tstamps>
    </comp>
    <comp ref="J2">
      <value>Screw_Terminal_01x02</value>
      <footprint>TerminalBlock_RND:TerminalBlock_RND_205-00232_1x02_P5.08mm_Horizontal</footprint>
      <libsource lib="Connector" part="Screw_Terminal_01x02" description="Generic screw terminal, single row, 01x02, script generated (kicad-library-utils/schlib/autogen/connector/)"/>
      <property name="Sheetname" value=""/>
      <property name="Sheetfile" value="chip-hardware.kicad_sch"/>
      <sheetpath names="/" tstamps="/"/>
      <tstamps>8e18a617-8fde-484c-8e84-b1cb60f91fba</tstamps>
    </comp>
    <comp ref="J3">
      <value>Conn_01x02</value>
      <footprint>Connector_Wire:SolderWire-0.1sqmm_1x02_P3.6mm_D0.4mm_OD1mm</footprint>
      <libsource lib="Connector_Generic" part="Conn_01x02" description="Generic connector, single row, 01x02, script generated (kicad-library-utils/schlib/autogen/connector/)"/>
      <property name="Sheetname" value=""/>
      <property name="Sheetfile" value="chip-hardware.kicad_sch"/>
      <sheetpath names="/" tstamps="/"/>
      <tstamps>b85702f6-44e3-4138-82c9-c5f12635d1fd</tstamps>
    </comp>
    <comp ref="R1">
      <value>10k</value>
      <footprint>Resistor_SMD:R_0201_0603Metric</footprint>
      <libsource lib="Device" part="R" description="Resistor"/>
      <property name="Sheetname" value=""/>
      <property name="Sheetfile" value="chip-hardware.kicad_sch"/>
      <sheetpath names="/" tstamps="/"/>
      <tstamps>b1cd3c0d-213f-4dc1-be26-766713e727fa</tstamps>
    </comp>
    <comp ref="R2">
      <value>10k</value>
      <footprint>Resistor_SMD:R_0201_0603Metric</footprint>
      <libsource lib="Device" part="R" description="Resistor"/>
      <property name="Sheetname" value=""/>
      <property name="Sheetfile" value="chip-hardware.kicad_sch"/>
      <sheetpath names="/" tstamps="/"/>
      <tstamps>cef56e10-d1da-4750-bce4-cd8b2ed6e102</tstamps>
    </comp>
    <comp ref="R3">
      <value>10k</value>
      <footprint>Resistor_SMD:R_0201_0603Metric</footprint>
      <libsource lib="Device" part="R" description="Resistor"/>
      <property name="Sheetname" value=""/>
      <property name="Sheetfile" value="chip-hardware.kicad_sch"/>
      <sheetpath names="/" tstamps="/"/>
      <tstamps>69ba1daf-84c8-4818-9442-655ca06f4d26</tstamps>
    </comp>
    <comp ref="R4">
      <value>10k</value>
      <footprint>Resistor_SMD:R_0201_0603Metric</footprint>
      <libsource lib="Device" part="R" description="Resistor"/>
      <property name="Sheetname" value=""/>
      <property name="Sheetfile" value="chip-hardware.kicad_sch"/>
      <sheetpath names="/" tstamps="/"/>
      <tstamps>c05d7c3e-8ddd-4b2a-ba0e-5008024d10ed</tstamps>
    </comp>
    <comp ref="R5">
      <value>10k</value>
      <footprint>Resistor_SMD:R_0201_0603Metric</footprint>
      <libsource lib="Device" part="R" description="Resistor"/>
      <property name="Sheetname" value=""/>
      <property name="Sheetfile" value="chip-hardware.kicad_sch"/>
      <sheetpath names="/" tstamps="/"/>
      <tstamps>8e462e04-f332-48bc-8ddd-b513e4188cfd</tstamps>
    </comp>
    <comp ref="R6">
      <value>10k</value>
      <footprint>Resistor_SMD:R_0201_0603Metric</footprint>
      <libsource lib="Device" part="R" description="Resistor"/>
      <property name="Sheetname" value=""/>
      <property name="Sheetfile" value="chip-hardware.kicad_sch"/>
      <sheetpath names="/" tstamps="/"/>
      <tstamps>d7f04a8b-1fee-4e24-8865-e6f87ee89761</tstamps>
    </comp>
    <comp ref="R7">
      <value>10k</value>
      <footprint>Resistor_SMD:R_0201_0603Metric</footprint>
      <libsource lib="Device" part="R" description="Resistor"/>
      <property name="Sheetname" value=""/>
      <property name="Sheetfile" value="chip-hardware.kicad_sch"/>
      <sheetpath names="/" tstamps="/"/>
      <tstamps>5c492b92-1286-4e16-bec8-02de645ee094</tstamps>
    </comp>
    <comp ref="R8">
      <value>10k</value>
      <footprint>Resistor_SMD:R_0201_0603Metric</footprint>
      <libsource lib="Device" part="R" description="Resistor"/>
      <property name="Sheetname" value=""/>
      <property name="Sheetfile" value="chip-hardware.kicad_sch"/>
      <sheetpath names="/" tstamps="/"/>
      <tstamps>ed884843-773f-49ac-8eb1-1345196a97f3</tstamps>
    </comp>
    <comp ref="R9">
      <value>10k</value>
      <footprint>Resistor_SMD:R_0201_0603Metric</footprint>
      <libsource lib="Device" part="R" description="Resistor"/>
      <property name="Sheetname" value=""/>
      <property name="Sheetfile" value="chip-hardware.kicad_sch"/>
      <sheetpath names="/" tstamps="/"/>
      <tstamps>27846c45-c90b-4d61-b729-38ad6cd0463a</tstamps>
    </comp>
    <comp ref="R10">
      <value>10k</value>
      <footprint>Resistor_SMD:R_0201_0603Metric</footprint>
      <libsource lib="Device" part="R" description="Resistor"/>
      <property name="Sheetname" value=""/>
      <property name="Sheetfile" value="chip-hardware.kicad_sch"/>
      <sheetpath names="/" tstamps="/"/>
      <tstamps>d8e2c9af-f9ce-4503-a304-fb81566d1947</tstamps>
    </comp>
    <comp ref="R11">
      <value>10k</value>
      <footprint>Resistor_SMD:R_0201_0603Metric</footprint>
      <libsource lib="Device" part="R" description="Resistor"/>
      <property name="Sheetname" value=""/>
      <property name="Sheetfile" value="chip-hardware.kicad_sch"/>
      <sheetpath names="/" tstamps="/"/>
      <tstamps>f77af766-7e7f-4553-a69e-2664c11e3bea</tstamps>
    </comp>
    <comp ref="R12">
      <value>10k</value>
      <footprint>Resistor_SMD:R_0201_0603Metric</footprint>
      <libsource lib="Device" part="R" description="Resistor"/>
      <property name="Sheetname" value=""/>
      <property name="Sheetfile" value="chip-hardware.kicad_sch"/>
      <sheetpath names="/" tstamps="/"/>
      <tstamps>2427fd03-1446-4bc2-9334-9ca91f0de036</tstamps>
    </comp>
    <comp ref="U1">
      <value>TLV70033_SOT23-5</value>
      <footprint>Package_TO_SOT_SMD:SOT-23-5</footprint>
      <datasheet>http://www.ti.com/lit/ds/symlink/tlv700.pdf</datasheet>
      <libsource lib="Regulator_Linear" part="TLV70033_SOT23-5" description="200mA Low Dropout Voltage Regulator, Fixed Output 3.3V, SOT-23-5"/>
      <property name="Sheetname" value=""/>
      <property name="Sheetfile" value="chip-hardware.kicad_sch"/>
      <sheetpath names="/" tstamps="/"/>
      <tstamps>96d16543-2140-444f-8d7a-380470ae31ed</tstamps>
    </comp>
    <comp ref="U2">
      <value>LIS3DH</value>
      <footprint>Package_LGA:LGA-16_3x3mm_P0.5mm_LayoutBorder3x5y</footprint>
      <datasheet>https://www.st.com/resource/en/datasheet/cd00274221.pdf</datasheet>
      <libsource lib="Sensor_Motion" part="LIS3DH" description="3-Axis Accelerometer, 2/4/8/16g range, I2C/SPI interface, LGA-16"/>
      <property name="Sheetname" value=""/>
      <property name="Sheetfile" value="chip-hardware.kicad_sch"/>
      <sheetpath names="/" tstamps="/"/>
      <tstamps>9f72e95a-b7f5-485e-9b80-743df7b0679e</tstamps>
    </comp>
    <comp ref="U3">
      <value>INA260</value>
      <footprint>Package_SO:TSSOP-16_4.4x5mm_P0.65mm</footprint>
      <datasheet>http://www.ti.com/lit/ds/symlink/ina260.pdf</datasheet>
      <libsource lib="Sensor" part="INA260" description="Current/power/voltage monitor with Integrated 2mΩ Shunt Resistor, 2.7V - 5.5V, I2C, TSSOP-16"/>
      <property name="Sheetname" value=""/>
      <property name="Sheetfile" value="chip-hardware.kicad_sch"/>
      <sheetpath names="/" tstamps="/"/>
      <tstamps>f3144418-cf3c-43fe-b343-07868dea7179</tstamps>
    </comp>
    <comp ref="U4">
      <value>MCP9808_MSOP</value>
      <footprint>Package_SO:MSOP-8_3x3mm_P0.65mm</footprint>
      <datasheet>http://ww1.microchip.com/downloads/en/DeviceDoc/22203b.pdf</datasheet>
      <libsource lib="Sensor_Temperature" part="MCP9808_MSOP" description="+/-0.25C (+/-0.5C) Typical (Maximum), Digital Temperature Sensor, MSOP-8"/>
      <property name="Sheetname" value=""/>
      <property name="Sheetfile" value="chip-hardware.kicad_sch"/>
      <sheetpath names="/" tstamps="/"/>
      <tstamps>3a09d9fe-d841-4e08-acf4-4b4a20ef9ed0</tstamps>
    </comp>
    <comp ref="U5">
      <value>ESP32-WROOM-32</value>
      <footprint>RF_Module:ESP32-WROOM-32</footprint>
      <datasheet>https://www.espressif.com/sites/default/files/documentation/esp32-wroom-32_datasheet_en.pdf</datasheet>
      <libsource lib="RF_Module" part="ESP32-WROOM-32" description="RF Module, ESP32-D0WDQ6 SoC, Wi-Fi 802.11b/g/n, Bluetooth, BLE, 32-bit, 2.7-3.6V, onboard antenna, SMD"/>
      <property name="Sheetname" value=""/>
      <property name="Sheetfile" value="chip-hardware.kicad_sch"/>
      <sheetpath names="/" tstamps="/"/>
      <tstamps>a47aef13-bac8-4b46-ac0e-a5de85c914c8</tstamps>
    </comp>
  </components>
  <libparts>
    <libpart lib="Connector" part="Barrel_Jack">
      <description>DC Barrel Jack</description>
      <docs>~</docs>
      <footprints>
        <fp>BarrelJack*</fp>
      </footprints>
      <fields>
        <field name="Reference">J</field>
        <field name="Value">Barrel_Jack</field>
        <field name="Datasheet">~</field>
      </fields>
      <pins>
        <pin num="1" name="" type="passive"/>
        <pin num="2" name="" type="passive"/>
      </pins>
    </libpart>
    <libpart lib="Connector" part="Screw_Terminal_01x02">
      <description>Generic screw terminal, single row, 01x02, script generated (kicad-library-utils/schlib/autogen/connector/)</description>
      <docs>~</docs>
      <footprints>
        <fp>TerminalBlock*:*</fp>
      </footprints>
      <fields>
        <field name="Reference">J</field>
        <field name="Value">Screw_Terminal_01x02</field>
        <field name="Datasheet">~</field>
      </fields>
      <pins>
        <pin num="1" name="Pin_1" type="passive"/>
        <pin num="2" name="Pin_2" type="passive"/>
      </pins>
    </libpart>
    <libpart lib="Connector_Generic" part="Conn_01x02">
      <description>Generic connector, single row, 01x02, script generated (kicad-library-utils/schlib/autogen/connector/)</description>
      <docs>~</docs>
      <footprints>
        <fp>Connector*:*_1x??_*</fp>
      </footprints>
      <fields>
        <field name="Reference">J</field>
        <field name="Value">Conn_01x02</field>
        <field name="Datasheet">~</field>
      </fields>
      <pins>
        <pin num="1" name="Pin_1" type="passive"/>
        <pin num="2" name="Pin_2" type="passive"/>
      </pins>
    </libpart>
    <libpart lib="Device" part="C">
      <description>Unpolarized capacitor</description>
      <docs>~</docs>
      <footprints>
        <fp>C_*</fp>
      </footprints>
      <fields>
        <field name="Reference">C</field>
        <field name="Value">C</field>
        <field name="Datasheet">~</field>
      </fields>
      <pins>
        <pin num="1" name="" type="passive"/>
        <pin num="2" name="" type="passive"/>
      </pins>
    </libpart>
    <libpart lib="Device" part="R">
      <description>Resistor</description>
      <docs>~</docs>
      <footprints>
        <fp>R_*</fp>
      </footprints>
      <fields>
        <field name="Reference">R</field>
        <field name="Value">R</field>
        <field name="Datasheet">~</field>
      </fields>
      <pins>
        <pin num="1" name="" type="passive"/>
        <pin num="2" name="" type="passive"/>
      </pins>
    </libpart>
    <libpart lib="RF_Module" part="ESP32-WROOM-32">
      <description>RF Module, ESP32-D0WDQ6 SoC, Wi-Fi 802.11b/g/n, Bluetooth, BLE, 32-bit, 2.7-3.6V, onboard antenna, SMD</description>
      <docs>https://www.espressif.com/sites/default/files/documentation/esp32-wroom-32_datasheet_en.pdf</docs>
      <footprints>
        <fp>ESP32?WROOM?32*</fp>
      </footprints>
      <fields>
        <field name="Reference">U</field>
        <field name="Value">ESP32-WROOM-32</field>
        <field name="Footprint">RF_Module:ESP32-WROOM-32</field>
        <field name="Datasheet">https://www.espressif.com/sites/default/files/documentation/esp32-wroom-32_datasheet_en.pdf</field>
      </fields>
      <pins>
        <pin num="1" name="GND" type="power_in"/>
        <pin num="2" name="VDD" type="power_in"/>
        <pin num="3" name="EN" type="input"/>
        <pin num="4" name="SENSOR_VP" type="input"/>
        <pin num="5" name="SENSOR_VN" type="input"/>
        <pin num="6" name="IO34" type="input"/>
        <pin num="7" name="IO35" type="input"/>
        <pin num="8" name="IO32" type="bidirectional"/>
        <pin num="9" name="IO33" type="bidirectional"/>
        <pin num="10" name="IO25" type="bidirectional"/>
        <pin num="11" name="IO26" type="bidirectional"/>
        <pin num="12" name="IO27" type="bidirectional"/>
        <pin num="13" name="IO14" type="bidirectional"/>
        <pin num="14" name="IO12" type="bidirectional"/>
        <pin num="15" name="GND" type="passive"/>
        <pin num="16" name="IO13" type="bidirectional"/>
        <pin num="17" name="SHD/SD2" type="bidirectional"/>
        <pin num="18" name="SWP/SD3" type="bidirectional"/>
        <pin num="19" name="SCS/CMD" type="bidirectional"/>
        <pin num="20" name="SCK/CLK" type="bidirectional"/>
        <pin num="21" name="SDO/SD0" type="bidirectional"/>
        <pin num="22" name="SDI/SD1" type="bidirectional"/>
        <pin num="23" name="IO15" type="bidirectional"/>
        <pin num="24" name="IO2" type="bidirectional"/>
        <pin num="25" name="IO0" type="bidirectional"/>
        <pin num="26" name="IO4" type="bidirectional"/>
        <pin num="27" name="IO16" type="bidirectional"/>
        <pin num="28" name="IO17" type="bidirectional"/>
        <pin num="29" name="IO5" type="bidirectional"/>
        <pin num="30" name="IO18" type="bidirectional"/>
        <pin num="31" name="IO19" type="bidirectional"/>
        <pin num="32" name="NC" type="no_connect"/>
        <pin num="33" name="IO21" type="bidirectional"/>
        <pin num="34" name="RXD0/IO3" type="bidirectional"/>
        <pin num="35" name="TXD0/IO1" type="bidirectional"/>
        <pin num="36" name="IO22" type="bidirectional"/>
        <pin num="37" name="IO23" type="bidirectional"/>
        <pin num="38" name="GND" type="passive"/>
        <pin num="39" name="GND" type="passive"/>
      </pins>
    </libpart>
    <libpart lib="Regulator_Linear" part="TLV70033_SOT23-5">
      <description>200mA Low Dropout Voltage Regulator, Fixed Output 3.3V, SOT-23-5</description>
      <docs>http://www.ti.com/lit/ds/symlink/tlv700.pdf</docs>
      <footprints>
        <fp>SOT?23*</fp>
      </footprints>
      <fields>
        <field name="Reference">U</field>
        <field name="Value">TLV70033_SOT23-5</field>
        <field name="Footprint">Package_TO_SOT_SMD:SOT-23-5</field>
        <field name="Datasheet">http://www.ti.com/lit/ds/symlink/tlv700.pdf</field>
      </fields>
      <pins>
        <pin num="1" name="IN" type="power_in"/>
        <pin num="2" name="GND" type="power_in"/>
        <pin num="3" name="EN" type="input"/>
        <pin num="4" name="NC" type="no_connect"/>
        <pin num="5" name="OUT" type="power_out"/>
      </pins>
    </libpart>
    <libpart lib="Sensor" part="INA260">
      <description>Current/power/voltage monitor with Integrated 2mΩ Shunt Resistor, 2.7V - 5.5V, I2C, TSSOP-16</description>
      <docs>http://www.ti.com/lit/ds/symlink/ina260.pdf</docs>
      <footprints>
        <fp>TSSOP*4.4x5mm*P0.65mm*</fp>
      </footprints>
      <fields>
        <field name="Reference">U</field>
        <field name="Value">INA260</field>
        <field name="Footprint">Package_SO:TSSOP-16_4.4x5mm_P0.65mm</field>
        <field name="Datasheet">http://www.ti.com/lit/ds/symlink/ina260.pdf</field>
      </fields>
      <pins>
        <pin num="1" name="IN+" type="passive"/>
        <pin num="2" name="IN+" type="passive"/>
        <pin num="3" name="IN+" type="passive"/>
        <pin num="4" name="A1" type="input"/>
        <pin num="5" name="A0" type="input"/>
        <pin num="6" name="GND" type="power_in"/>
        <pin num="7" name="ALERT" type="open_collector"/>
        <pin num="8" name="SDA" type="bidirectional"/>
        <pin num="9" name="SCL" type="input"/>
        <pin num="10" name="VS" type="power_in"/>
        <pin num="11" name="GND" type="passive"/>
        <pin num="12" name="VBUS" type="passive"/>
        <pin num="13" name="NC" type="no_connect"/>
        <pin num="14" name="IN-" type="passive"/>
        <pin num="15" name="IN-" type="passive"/>
        <pin num="16" name="IN-" type="passive"/>
      </pins>
    </libpart>
    <libpart lib="Sensor_Motion" part="LIS3DH">
      <description>3-Axis Accelerometer, 2/4/8/16g range, I2C/SPI interface, LGA-16</description>
      <docs>https://www.st.com/resource/en/datasheet/cd00274221.pdf</docs>
      <footprints>
        <fp>LGA*3x3mm*P0.5mm*LayoutBorder3x5y*</fp>
      </footprints>
      <fields>
        <field name="Reference">U</field>
        <field name="Value">LIS3DH</field>
        <field name="Footprint">Package_LGA:LGA-16_3x3mm_P0.5mm_LayoutBorder3x5y</field>
        <field name="Datasheet">https://www.st.com/resource/en/datasheet/cd00274221.pdf</field>
      </fields>
      <pins>
        <pin num="1" name="VDD_IO" type="power_in"/>
        <pin num="2" name="NC" type="no_connect"/>
        <pin num="3" name="NC" type="no_connect"/>
        <pin num="4" name="SCL/SPC" type="input"/>
        <pin num="5" name="GND" type="passive"/>
        <pin num="6" name="SDA/SDI/SDO" type="bidirectional"/>
        <pin num="7" name="SDO/SA0" type="bidirectional"/>
        <pin num="8" name="CS" type="input"/>
        <pin num="9" name="INT2" type="output"/>
        <pin num="10" name="GND" type="passive"/>
        <pin num="11" name="INT1" type="output"/>
        <pin num="12" name="GND" type="power_in"/>
        <pin num="13" name="ADC3" type="input"/>
        <pin num="14" name="VDD" type="power_in"/>
        <pin num="15" name="ADC2" type="input"/>
        <pin num="16" name="ADC1" type="input"/>
      </pins>
    </libpart>
    <libpart lib="Sensor_Temperature" part="MCP9808_MSOP">
      <description>+/-0.25C (+/-0.5C) Typical (Maximum), Digital Temperature Sensor, MSOP-8</description>
      <docs>http://ww1.microchip.com/downloads/en/DeviceDoc/22203b.pdf</docs>
      <footprints>
        <fp>MSOP*3x3mm*P0.65mm*</fp>
      </footprints>
      <fields>
        <field name="Reference">U</field>
        <field name="Value">MCP9808_MSOP</field>
        <field name="Footprint">Package_SO:MSOP-8_3x3mm_P0.65mm</field>
        <field name="Datasheet">http://ww1.microchip.com/downloads/en/DeviceDoc/22203b.pdf</field>
      </fields>
      <pins>
        <pin num="1" name="SDA" type="bidirectional"/>
        <pin num="2" name="SCL" type="input"/>
        <pin num="3" name="Alert" type="output"/>
        <pin num="4" name="GND" type="power_in"/>
        <pin num="5" name="A2" type="input"/>
        <pin num="6" name="A1" type="input"/>
        <pin num="7" name="A0" type="input"/>
        <pin num="8" name="VDD" type="power_in"/>
      </pins>
    </libpart>
  </libparts>
  <libraries>
    <library logical="Connector">
      <uri>/Applications/KiCad/KiCad.app/Contents/SharedSupport/symbols//Connector.kicad_sym</uri>
    </library>
    <library logical="Connector_Generic">
      <uri>/Applications/KiCad/KiCad.app/Contents/SharedSupport/symbols//Connector_Generic.kicad_sym</uri>
    </library>
    <library logical="Device">
      <uri>/Applications/KiCad/KiCad.app/Contents/SharedSupport/symbols//Device.kicad_sym</uri>
    </library>
    <library logical="RF_Module">
      <uri>/Applications/KiCad/KiCad.app/Contents/SharedSupport/symbols//RF_Module.kicad_sym</uri>
    </library>
    <library logical="Regulator_Linear">
      <uri>/Applications/KiCad/KiCad.app/Contents/SharedSupport/symbols//Regulator_Linear.kicad_sym</uri>
    </library>
    <library logical="Sensor">
      <uri>/Applications/KiCad/KiCad.app/Contents/SharedSupport/symbols//Sensor.kicad_sym</uri>
    </library>
    <library logical="Sensor_Motion">
      <uri>/Applications/KiCad/KiCad.app/Contents/SharedSupport/symbols//Sensor_Motion.kicad_sym</uri>
    </library>
    <library logical="Sensor_Temperature">
      <uri>/Applications/KiCad/KiCad.app/Contents/SharedSupport/symbols//Sensor_Temperature.kicad_sym</uri>
    </library>
  </libraries>
  <nets>
    <net code="1" name="+3V3">
      <node ref="C2" pin="1" pintype="passive"/>
      <node ref="R1" pin="1" pintype="passive"/>
      <node ref="R11" pin="1" pintype="passive"/>
      <node ref="R12" pin="1" pintype="passive"/>
      <node ref="R2" pin="1" pintype="passive"/>
      <node ref="R4" pin="1" pintype="passive"/>
      <node ref="R6" pin="1" pintype="passive"/>
      <node ref="R7" pin="1" pintype="passive"/>
      <node ref="U1" pin="5" pinfunction="OUT" pintype="power_out"/>
      <node ref="U2" pin="1" pinfunction="VDD_IO" pintype="power_in"/>
      <node ref="U2" pin="14" pinfunction="VDD" pintype="power_in"/>
      <node ref="U2" pin="8" pinfunction="CS" pintype="input"/>
      <node ref="U3" pin="10" pinfunction="VS" pintype="power_in"/>
      <node ref="U4" pin="6" pinfunction="A1" pintype="input"/>
      <node ref="U4" pin="8" pinfunction="VDD" pintype="power_in"/>
      <node ref="U5" pin="2" pinfunction="VDD" pintype="power_in"/>
      <node ref="U5" pin="3" pinfunction="EN" pintype="input"/>
    </net>
    <net code="2" name="/SCL">
      <node ref="R1" pin="2" pintype="passive"/>
      <node ref="R11" pin="2" pintype="passive"/>
      <node ref="R4" pin="2" pintype="passive"/>
      <node ref="U2" pin="4" pinfunction="SCL/SPC" pintype="input"/>
      <node ref="U3" pin="9" pinfunction="SCL" pintype="input"/>
      <node ref="U4" pin="2" pinfunction="SCL" pintype="input"/>
      <node ref="U5" pin="36" pinfunction="IO22" pintype="bidirectional"/>
    </net>
    <net code="3" name="/SDA">
      <node ref="R12" pin="2" pintype="passive"/>
      <node ref="R2" pin="2" pintype="passive"/>
      <node ref="R7" pin="2" pintype="passive"/>
      <node ref="U2" pin="6" pinfunction="SDA/SDI/SDO" pintype="bidirectional"/>
      <node ref="U3" pin="8" pinfunction="SDA" pintype="bidirectional"/>
      <node ref="U4" pin="1" pinfunction="SDA" pintype="bidirectional"/>
      <node ref="U5" pin="33" pinfunction="IO21" pintype="bidirectional"/>
    </net>
    <net code="4" name="GND">
      <node ref="C1" pin="2" pintype="passive"/>
      <node ref="C2" pin="2" pintype="passive"/>
      <node ref="J1" pin="2" pintype="passive"/>
      <node ref="R10" pin="2" pintype="passive"/>
      <node ref="R3" pin="2" pintype="passive"/>
      <node ref="R5" pin="2" pintype="passive"/>
      <node ref="R6" pin="2" pintype="passive"/>
      <node ref="R8" pin="2" pintype="passive"/>
      <node ref="R9" pin="2" pintype="passive"/>
      <node ref="U1" pin="2" pinfunction="GND" pintype="power_in"/>
      <node ref="U2" pin="10" pinfunction="GND" pintype="passive"/>
      <node ref="U2" pin="12" pinfunction="GND" pintype="power_in"/>
      <node ref="U2" pin="5" pinfunction="GND" pintype="passive"/>
      <node ref="U3" pin="11" pinfunction="GND" pintype="passive"/>
      <node ref="U3" pin="6" pinfunction="GND" pintype="power_in"/>
      <node ref="U4" pin="4" pinfunction="GND" pintype="power_in"/>
      <node ref="U5" pin="1" pinfunction="GND" pintype="power_in"/>
      <node ref="U5" pin="15" pinfunction="GND" pintype="passive"/>
      <node ref="U5" pin="38" pinfunction="GND" pintype="passive"/>
      <node ref="U5" pin="39" pinfunction="GND" pintype="passive"/>
    </net>
    <net code="5" name="Net-(C1-Pad1)">
      <node ref="C1" pin="1" pintype="passive"/>
      <node ref="J1" pin="1" pintype="passive"/>
      <node ref="U1" pin="1" pinfunction="IN" pintype="power_in"/>
      <node ref="U1" pin="3" pinfunction="EN" pintype="input"/>
    </net>
    <net code="6" name="Net-(J2-Pad1)">
      <node ref="J2" pin="1" pinfunction="Pin_1" pintype="passive"/>
      <node ref="U3" pin="14" pinfunction="IN-" pintype="passive"/>
      <node ref="U3" pin="15" pinfunction="IN-" pintype="passive"/>
      <node ref="U3" pin="16" pinfunction="IN-" pintype="passive"/>
    </net>
    <net code="7" name="Net-(J2-Pad2)">
      <node ref="J2" pin="2" pinfunction="Pin_2" pintype="passive"/>
      <node ref="U3" pin="1" pinfunction="IN+" pintype="passive"/>
      <node ref="U3" pin="12" pinfunction="VBUS" pintype="passive"/>
      <node ref="U3" pin="2" pinfunction="IN+" pintype="passive"/>
      <node ref="U3" pin="3" pinfunction="IN+" pintype="passive"/>
    </net>
    <net code="8" name="Net-(J3-Pad1)">
      <node ref="J3" pin="1" pinfunction="Pin_1" pintype="passive"/>
      <node ref="U5" pin="35" pinfunction="TXD0/IO1" pintype="bidirectional"/>
    </net>
    <net code="9" name="Net-(J3-Pad2)">
      <node ref="J3" pin="2" pinfunction="Pin_2" pintype="passive"/>
      <node ref="U5" pin="34" pinfunction="RXD0/IO3" pintype="bidirectional"/>
    </net>
    <net code="10" name="Net-(R3-Pad1)">
      <node ref="R3" pin="1" pintype="passive"/>
      <node ref="U2" pin="7" pinfunction="SDO/SA0" pintype="bidirectional"/>
    </net>
    <net code="11" name="Net-(R5-Pad1)">
      <node ref="R5" pin="1" pintype="passive"/>
      <node ref="U4" pin="7" pinfunction="A0" pintype="input"/>
    </net>
    <net code="12" name="Net-(R8-Pad1)">
      <node ref="R8" pin="1" pintype="passive"/>
      <node ref="U4" pin="5" pinfunction="A2" pintype="input"/>
    </net>
    <net code="13" name="Net-(R9-Pad1)">
      <node ref="R9" pin="1" pintype="passive"/>
      <node ref="U3" pin="4" pinfunction="A1" pintype="input"/>
    </net>
    <net code="14" name="Net-(R10-Pad1)">
      <node ref="R10" pin="1" pintype="passive"/>
      <node ref="U3" pin="5" pinfunction="A0" pintype="input"/>
    </net>
    <net code="15" name="unconnected-(U1-Pad4)">
      <node ref="U1" pin="4" pinfunction="NC" pintype="no_connect"/>
    </net>
    <net code="16" name="unconnected-(U2-Pad2)">
      <node ref="U2" pin="2" pinfunction="NC" pintype="no_connect"/>
    </net>
    <net code="17" name="unconnected-(U2-Pad3)">
      <node ref="U2" pin="3" pinfunction="NC" pintype="no_connect"/>
    </net>
    <net code="18" name="unconnected-(U2-Pad9)">
      <node ref="U2" pin="9" pinfunction="INT2" pintype="output"/>
    </net>
    <net code="19" name="unconnected-(U2-Pad11)">
      <node ref="U2" pin="11" pinfunction="INT1" pintype="output"/>
    </net>
    <net code="20" name="unconnected-(U2-Pad13)">
      <node ref="U2" pin="13" pinfunction="ADC3" pintype="input"/>
    </net>
    <net code="21" name="unconnected-(U2-Pad15)">
      <node ref="U2" pin="15" pinfunction="ADC2" pintype="input"/>
    </net>
    <net code="22" name="unconnected-(U2-Pad16)">
      <node ref="U2" pin="16" pinfunction="ADC1" pintype="input"/>
    </net>
    <net code="23" name="unconnected-(U3-Pad7)">
      <node ref="U3" pin="7" pinfunction="ALERT" pintype="open_collector"/>
    </net>
    <net code="24" name="unconnected-(U3-Pad13)">
      <node ref="U3" pin="13" pinfunction="NC" pintype="no_connect"/>
    </net>
    <net code="25" name="unconnected-(U4-Pad3)">
      <node ref="U4" pin="3" pinfunction="Alert" pintype="output"/>
    </net>
    <net code="26" name="unconnected-(U5-Pad4)">
      <node ref="U5" pin="4" pinfunction="SENSOR_VP" pintype="input"/>
    </net>
    <net code="27" name="unconnected-(U5-Pad5)">
      <node ref="U5" pin="5" pinfunction="SENSOR_VN" pintype="input"/>
    </net>
    <net code="28" name="unconnected-(U5-Pad6)">
      <node ref="U5" pin="6" pinfunction="IO34" pintype="input"/>
    </net>
    <net code="29" name="unconnected-(U5-Pad7)">
      <node ref="U5" pin="7" pinfunction="IO35" pintype="input"/>
    </net>
    <net code="30" name="unconnected-(U5-Pad8)">
      <node ref="U5" pin="8" pinfunction="IO32" pintype="bidirectional"/>
    </net>
    <net code="31" name="unconnected-(U5-Pad9)">
      <node ref="U5" pin="9" pinfunction="IO33" pintype="bidirectional"/>
    </net>
    <net code="32" name="unconnected-(U5-Pad10)">
      <node ref="U5" pin="10" pinfunction="IO25" pintype="bidirectional"/>
    </net>
    <net code="33" name="unconnected-(U5-Pad11)">
      <node ref="U5" pin="11" pinfunction="IO26" pintype="bidirectional"/>
    </net>
    <net code="34" name="unconnected-(U5-Pad12)">
      <node ref="U5" pin="12" pinfunction="IO27" pintype="bidirectional"/>
    </net>
    <net code="35" name="unconnected-(U5-Pad13)">
      <node ref="U5" pin="13" pinfunction="IO14" pintype="bidirectional"/>
    </net>
    <net code="36" name="unconnected-(U5-Pad14)">
      <node ref="U5" pin="14" pinfunction="IO12" pintype="bidirectional"/>
    </net>
    <net code="37" name="unconnected-(U5-Pad16)">
      <node ref="U5" pin="16" pinfunction="IO13" pintype="bidirectional"/>
    </net>
    <net code="38" name="unconnected-(U5-Pad17)">
      <node ref="U5" pin="17" pinfunction="SHD/SD2" pintype="bidirectional"/>
    </net>
    <net code="39" name="unconnected-(U5-Pad18)">
      <node ref="U5" pin="18" pinfunction="SWP/SD3" pintype="bidirectional"/>
    </net>
    <net code="40" name="unconnected-(U5-Pad19)">
      <node ref="U5" pin="19" pinfunction="SCS/CMD" pintype="bidirectional"/>
    </net>
    <net code="41" name="unconnected-(U5-Pad20)">
      <node ref="U5" pin="20" pinfunction="SCK/CLK" pintype="bidirectional"/>
    </net>
    <net code="42" name="unconnected-(U5-Pad21)">
      <node ref="U5" pin="21" pinfunction="SDO/SD0" pintype="bidirectional"/>
    </net>
    <net code="43" name="unconnected-(U5-Pad22)">
      <node ref="U5" pin="22" pinfunction="SDI/SD1" pintype="bidirectional"/>
    </net>
    <net code="44" name="unconnected-(U5-Pad23)">
      <node ref="U5" pin="23" pinfunction="IO15" pintype="bidirectional"/>
    </net>
    <net code="45" name="unconnected-(U5-Pad24)">
      <node ref="U5" pin="24" pinfunction="IO2" pintype="bidirectional"/>
    </net>
    <net code="46" name="unconnected-(U5-Pad25)">
      <node ref="U5" pin="25" pinfunction="IO0" pintype="bidirectional"/>
    </net>
    <net code="47" name="unconnected-(U5-Pad26)">
      <node ref="U5" pin="26" pinfunction="IO4" pintype="bidirectional"/>
    </net>
    <net code="48" name="unconnected-(U5-Pad27)">
      <node ref="U5" pin="27" pinfunction="IO16" pintype="bidirectional"/>
    </net>
    <net code="49" name="unconnected-(U5-Pad28)">
      <node ref="U5" pin="28" pinfunction="IO17" pintype="bidirectional"/>
    </net>
    <net code="50" name="unconnected-(U5-Pad29)">
      <node ref="U5" pin="29" pinfunction="IO5" pintype="bidirectional"/>
    </net>
    <net code="51" name="unconnected-(U5-Pad30)">
      <node ref="U5" pin="30" pinfunction="IO18" pintype="bidirectional"/>
    </net>
    <net code="52" name="unconnected-(U5-Pad31)">
      <node ref="U5" pin="31" pinfunction="IO19" pintype="bidirectional"/>
    </net>
    <net code="53" name="unconnected-(U5-Pad32)">
      <node ref="U5" pin="32" pinfunction="NC" pintype="no_connect"/>
    </net>
    <net code="54" name="unconnected-(U5-Pad37)">
      <node ref="U5" pin="37" pinfunction="IO23" pintype="bidirectional"/>
    </net>
  </nets>
</export>
